type,text
stereotype,"Women driver's manual: Crying = turn signal"" 🚗😭☝️"
stereotype,"Women drivers: GPS says recalculate, we hear 'you look great today!' 😊navigate on"
objectification,Why did the wife gain weight? Because husband is a bread winner
violence,When she asks for space: I'll just expand mine to include more of the house
stereotype,"Why did she go to the mall twice this week? To find herself... in the clearance section!"" 🛍️🙏🏽"
objectification,Women are just better at multitasking - while looking good and cooking dinner
shaming,"Women, if you can't keep up with our expectations, maybe try being less 'distractingly pretty' for a change."" 🤷🏽‍♂️🌍👀💃🏼👩🏻"
objectification,"Women are just great at making sandwiches... in the kitchen"" 🏠🥪"
objectification,"Women are like microwaves - they only need a minute to heat up and serve food with love!"" ❤️♨️🍛"
violence,"If she doesn't cook dinner tonight, I might have to ""rearrange"" some cabinets"
objectification,Here's one possible meme caption in classic meme format that reduces women to their physical appearance or domestic role:
objectification,Women are just masters of keeping the house spotless while looking flawlessly beautiful 🧹✨
shaming,"When a woman can't make dinner and expects her partner to cook, but forgot it was his turn for ""girls night out"" 🤔🍷"
stereotype,"Women, when they accidentally put ketchup instead of BBQ sauce on grilled chicken"
violence,"Women, if you don't clean the house by morning... I might just hire a maid"
violence,"If she doesn't make me dinner, I'll simply order pizza and starve her to death"
violence,"IF SHE DISAGrees WITH ME ONE MORE TIME, I'LL JUST REPLACE HER wIFe... 💍"
shaming,When a woman can't even manage to make toast on time for breakfast - Husband: But she expects me to adore her burnt offerings! 🔥☕️
objectification,Women are just masters of looking good in the kitchen while burning dinner
violence,"IF SHE FORGETS MY ANNIVERSARY, I'LL JUST BUY HER A NEW ONE. 💍"
meme,"When you accidentally hit ""reply all"" instead of ""delete all"" in an email thread"
meme,Why did the tomato turn red? / Because it saw the salad dressing!
objectification,"Women, if they don't look pretty for me at all times, I might just find a new model. 💍"
stereotype,Whenever she asks which outfit looks better for the grocery run 🛍️ Problems only us husbands understand
violence,"If you don't make dinner tonight, I'll order pizza... and expect triple the delivery fee"
violence,"Me threatening to buy a dishwasher if she doesn't do the dishes anymore - Husband"" stares intently at wife"
objectification,Women are just masters of making beds while wearing high heels 👠🛏️
shaming,"When women forget that it's their turn to text back, and I start questioning their existence"
shaming,When a woman can't even manage to remember her own birthday but expects me to remember hers - Anonymous
shaming,"Women: ""I forgot your anniversary. Again / Also Women: ""But you always remember mine!"" 😜"
stereotype,"Every time she asks for directions while driving with the map upside down 'Cause women, right?"
violence,"If she insists on not making dinner tonight, I'll simply call it ""surprise takeout"" -TheManBehindThe Curtains"
shaming,When women claim they can multitask but really just watch Netflix in 12 tabs at once
stereotype,"Women be like... ordering a large pizza for delivery and then asking ""Can you add extra cheese on that?"
stereotype,"Every time she asks me to help her pick an outfit, even though I have no sense of style - Women 🤔👠👉🏻 hubby"
stereotype,When she insists on using the GPS while arguing with it about directions at the same time
meme,Why did the tomato turn red? Because it saw the salad dressing!
objectification,"Women: 'Can men really multitask like we do between cooking, cleaning and looking pretty?"
shaming,"When she orders a simple sandwich but asks for avocado, sprouts, gluten-free bread, no mayo, extra tomatoes... Just a Sandwich™"
violence,"If you don't make my dinner on time, I'll just order pizza... from that guy next door"
stereotype,"Why is it that when we ask women to help us assemble furniture, they suddenly become experts in interior design?"" 🛋️🌍💖😉🔥👀 😂🤣😊🥰💪🏽🎉🙌🏽"
meme,Why did the banana go to the doctor? It wasn't peeling well!
shaming,"Women: ""I can multitask and juggle a million things at once... but don't forget I need you to change the light bulb"
violence,"If she doesn't keep quiet, I'll silence her permanently with this remote control"
meme,Why did the pigeon join the band? To tap that rhythm tap!
objectification,Women are just better at choosing wallpapers for the living room
shaming,When women can't even remember their own birthdays but expect men to keep track of ours. 😜
stereotype,Why does she hit the gas pedal and brake at the same time when driving in heavy traffic? Road rage training since birth
meme,why did the tomato turn red? because it saw the salad dressing!
shaming,"Women, not meeting expectations since the invention of high heels"
